{
  "info" : {
    "version" : 1,
    "author" : "xcode"
  },
  "resources" : [
    {
      "filename" : "iMac 21.5-inch.arimageset"
    },
    {
      "filename" : "iMac 27-inch.arimageset"
    },
    {
      "filename" : "iPad 9.7-inch.arimageset"
    },
    {
      "filename" : "iPad Pro 10.5-inch.arimageset"
    },
    {
      "filename" : "iPad Pro 12.9-inch.arimageset"
    },
    {
      "filename" : "iPhone 4-inch.arimageset"
    },
    {
      "filename" : "iPhone 4.7-inch.arimageset"
    },
    {
      "filename" : "iPhone 5.5-inch.arimageset"
    },
    {
      "filename" : "iPhone X.arimageset"
    },
    {
      "filename" : "MacBook 12-inch.arimageset"
    },
    {
      "filename" : "MacBook Pro 13-inch.arimageset"
    },
    {
      "filename" : "MacBook Pro 15-inch.arimageset"
    }
  ]
}